patient_id,predicted_prob,true_outcome,cohort
P001,0.3812,0,Cohort_3
P002,0.1093,0,Cohort_3
P003,0.5126,1,Cohort_3
P004,0.5692,0,Cohort_3
P005,0.0395,0,Cohort_3
P006,0.0822,0,Cohort_3
P007,0.3326,0,Cohort_3
P008,0.2263,0,Cohort_3
P009,0.2952,0,Cohort_3
P010,0.1331,0,Cohort_3
P011,0.5511,0,Cohort_3
P012,0.5208,1,Cohort_3
P013,0.3163,0,Cohort_3
P014,0.6231,0,Cohort_3
P015,0.4283,0,Cohort_3
P016,0.1323,0,Cohort_3
P017,0.3995,0,Cohort_3
P018,0.1191,0,Cohort_3
P019,0.5509,1,Cohort_3
P020,0.287,1,Cohort_3
P021,0.2551,0,Cohort_3
P022,0.1588,0,Cohort_3
P023,0.6495,0,Cohort_3
P024,0.262,1,Cohort_3
P025,0.2036,0,Cohort_3
P026,0.2188,0,Cohort_3
P027,0.4474,0,Cohort_3
P028,0.3986,0,Cohort_3
P029,0.4122,0,Cohort_3
P030,0.4175,1,Cohort_3
P031,0.8481,1,Cohort_3
P032,0.2079,0,Cohort_3
P033,0.1878,0,Cohort_3
P034,0.1387,0,Cohort_3
P035,0.4723,1,Cohort_3
P036,0.6236,0,Cohort_3
P037,0.2716,0,Cohort_3
P038,0.1349,0,Cohort_3
P039,0.1371,1,Cohort_3
P040,0.4827,1,Cohort_3
P041,0.5105,0,Cohort_3
P042,0.4506,0,Cohort_3
P043,0.1613,1,Cohort_3
P044,0.3609,0,Cohort_3
P045,0.3296,0,Cohort_3
P046,0.3572,0,Cohort_3
P047,0.5488,0,Cohort_3
P048,0.3585,0,Cohort_3
P049,0.4912,0,Cohort_3
P050,0.3167,1,Cohort_3
P051,0.3768,0,Cohort_3
P052,0.4769,0,Cohort_3
P053,0.0692,0,Cohort_3
P054,0.2256,0,Cohort_3
P055,0.1955,1,Cohort_3
P056,0.1657,0,Cohort_3
P057,0.235,0,Cohort_3
P058,0.7199,0,Cohort_3
P059,0.1314,1,Cohort_3
P060,0.5774,1,Cohort_3
P061,0.0537,0,Cohort_3
P062,0.2224,0,Cohort_3
P063,0.3419,1,Cohort_3
P064,0.4634,1,Cohort_3
P065,0.5009,0,Cohort_3
P066,0.5255,1,Cohort_3
P067,0.2195,1,Cohort_3
P068,0.1971,0,Cohort_3
P069,0.5448,1,Cohort_3
P070,0.2536,0,Cohort_3
P071,0.0846,0,Cohort_3
P072,0.0989,0,Cohort_3
P073,0.1242,1,Cohort_3
P074,0.437,1,Cohort_3
P075,0.3365,0,Cohort_3
P076,0.4946,0,Cohort_3
P077,0.2038,0,Cohort_3
P078,0.3408,0,Cohort_3
P079,0.4752,1,Cohort_3
P080,0.2277,0,Cohort_3
P081,0.4251,1,Cohort_3
P082,0.1619,0,Cohort_3
P083,0.2166,1,Cohort_3
P084,0.2128,1,Cohort_3
P085,0.0924,0,Cohort_3
P086,0.434,1,Cohort_3
P087,0.1957,1,Cohort_3
P088,0.3026,0,Cohort_3
P089,0.4321,0,Cohort_3
P090,0.4221,0,Cohort_3
P091,0.4871,0,Cohort_3
P092,0.2752,1,Cohort_3
P093,0.2046,0,Cohort_3
P094,0.2798,1,Cohort_3
P095,0.0534,0,Cohort_3
P096,0.07,0,Cohort_3
P097,0.0804,0,Cohort_3
P098,0.1144,0,Cohort_3
P099,0.4085,1,Cohort_3
P100,0.126,1,Cohort_3
P101,0.2135,0,Cohort_3
P102,0.6702,1,Cohort_3
P103,0.218,0,Cohort_3
P104,0.5088,1,Cohort_3
P105,0.1224,1,Cohort_3
P106,0.2504,0,Cohort_3
P107,0.1203,0,Cohort_3
P108,0.2215,0,Cohort_3
P109,0.5395,1,Cohort_3
P110,0.051,1,Cohort_3
P111,0.4186,0,Cohort_3
P112,0.3625,1,Cohort_3
P113,0.1732,0,Cohort_3
P114,0.0701,0,Cohort_3
P115,0.3179,0,Cohort_3
P116,0.1846,1,Cohort_3
P117,0.3611,0,Cohort_3
P118,0.305,0,Cohort_3
P119,0.745,1,Cohort_3
P120,0.2428,0,Cohort_3
P121,0.1112,1,Cohort_3
P122,0.3464,0,Cohort_3
P123,0.3576,0,Cohort_3
P124,0.6859,1,Cohort_3
P125,0.538,1,Cohort_3
P126,0.3961,0,Cohort_3
P127,0.7122,1,Cohort_3
P128,0.0931,0,Cohort_3
P129,0.1655,0,Cohort_3
P130,0.1233,0,Cohort_3
P131,0.2112,0,Cohort_3
P132,0.0757,0,Cohort_3
P133,0.4781,0,Cohort_3
P134,0.2466,0,Cohort_3
P135,0.0682,0,Cohort_3
P136,0.1122,0,Cohort_3
P137,0.3837,0,Cohort_3
P138,0.5389,1,Cohort_3
P139,0.8243,1,Cohort_3
P140,0.9338,1,Cohort_3
P141,0.4127,0,Cohort_3
P142,0.1153,0,Cohort_3
P143,0.032,0,Cohort_3
P144,0.3708,1,Cohort_3
P145,0.1388,0,Cohort_3
P146,0.2061,0,Cohort_3
P147,0.1702,0,Cohort_3
P148,0.2652,1,Cohort_3
P149,0.6057,1,Cohort_3
P150,0.3404,0,Cohort_3
P151,0.2611,0,Cohort_3
P152,0.1098,0,Cohort_3
P153,0.0542,0,Cohort_3
P154,0.1925,0,Cohort_3
P155,0.2861,1,Cohort_3
P156,0.781,0,Cohort_3
P157,0.3332,0,Cohort_3
P158,0.5816,1,Cohort_3
P159,0.1901,0,Cohort_3
P160,0.0935,0,Cohort_3
P161,0.1184,0,Cohort_3
P162,0.1518,0,Cohort_3
P163,0.8461,1,Cohort_3
P164,0.1376,0,Cohort_3
P165,0.539,0,Cohort_3
P166,0.1264,0,Cohort_3
P167,0.5666,1,Cohort_3
P168,0.4042,0,Cohort_3
P169,0.2615,0,Cohort_3
P170,0.2893,0,Cohort_3
P171,0.163,0,Cohort_3
P172,0.422,0,Cohort_3
P173,0.1985,1,Cohort_3
P174,0.0894,0,Cohort_3
P175,0.0844,0,Cohort_3
P176,0.3446,0,Cohort_3
P177,0.7398,1,Cohort_3
P178,0.3412,0,Cohort_3
P179,0.2704,0,Cohort_3
P180,0.3759,1,Cohort_3
P181,0.672,0,Cohort_3
P182,0.3574,1,Cohort_3
P183,0.207,0,Cohort_3
P184,0.6172,0,Cohort_3
P185,0.4169,1,Cohort_3
P186,0.7297,1,Cohort_3
P187,0.3475,0,Cohort_3
P188,0.0895,0,Cohort_3
P189,0.0764,0,Cohort_3
P190,0.756,1,Cohort_3
P191,0.7718,1,Cohort_3
P192,0.2563,0,Cohort_3
P193,0.2125,1,Cohort_3
P194,0.7117,0,Cohort_3
P195,0.1017,0,Cohort_3
P196,0.1275,0,Cohort_3
P197,0.4805,1,Cohort_3
P198,0.2102,0,Cohort_3
P199,0.2981,0,Cohort_3
P200,0.26,0,Cohort_3
P201,0.3906,0,Cohort_3
P202,0.6982,0,Cohort_3
P203,0.3227,0,Cohort_3
P204,0.4807,0,Cohort_3
P205,0.0352,0,Cohort_3
P206,0.2873,0,Cohort_3
P207,0.1345,1,Cohort_3
P208,0.0901,0,Cohort_3
P209,0.1297,0,Cohort_3
P210,0.2225,0,Cohort_3
P211,0.562,1,Cohort_3
P212,0.08,0,Cohort_3
P213,0.3072,0,Cohort_3
P214,0.1929,0,Cohort_3
P215,0.2239,0,Cohort_3
P216,0.5874,0,Cohort_3
P217,0.4491,1,Cohort_3
P218,0.6802,1,Cohort_3
P219,0.262,0,Cohort_3
P220,0.1564,0,Cohort_3
P221,0.2463,0,Cohort_3
P222,0.3638,0,Cohort_3
P223,0.3457,0,Cohort_3
P224,0.1042,0,Cohort_3
P225,0.3227,1,Cohort_3
P226,0.3598,0,Cohort_3
P227,0.8976,1,Cohort_3
P228,0.8025,0,Cohort_3
P229,0.1331,0,Cohort_3
P230,0.2324,1,Cohort_3
P231,0.0687,0,Cohort_3
P232,0.1738,1,Cohort_3
P233,0.3843,0,Cohort_3
P234,0.645,1,Cohort_3
P235,0.1512,0,Cohort_3
P236,0.1631,0,Cohort_3
P237,0.0315,0,Cohort_3
P238,0.2601,1,Cohort_3
P239,0.1067,0,Cohort_3
P240,0.1846,0,Cohort_3
P241,0.1299,0,Cohort_3
P242,0.2763,0,Cohort_3
P243,0.0493,0,Cohort_3
P244,0.0685,0,Cohort_3
P245,0.8462,1,Cohort_3
P246,0.0836,0,Cohort_3
P247,0.1028,0,Cohort_3
P248,0.7948,1,Cohort_3
P249,0.9331,1,Cohort_3
P250,0.0948,0,Cohort_3
P251,0.2155,0,Cohort_3
P252,0.3917,1,Cohort_3
P253,0.7728,1,Cohort_3
P254,0.1157,0,Cohort_3
P255,0.2415,1,Cohort_3
P256,0.5207,0,Cohort_3
P257,0.4187,1,Cohort_3
P258,0.2139,1,Cohort_3
P259,0.2669,1,Cohort_3
P260,0.0759,0,Cohort_3
P261,0.2431,0,Cohort_3
P262,0.2369,0,Cohort_3
P263,0.3609,0,Cohort_3
P264,0.18,0,Cohort_3
P265,0.4294,1,Cohort_3
P266,0.5903,0,Cohort_3
P267,0.34,1,Cohort_3
P268,0.3946,0,Cohort_3
P269,0.313,1,Cohort_3
P270,0.2995,1,Cohort_3
P271,0.1524,0,Cohort_3
P272,0.3846,0,Cohort_3
P273,0.2755,0,Cohort_3
P274,0.8405,1,Cohort_3
P275,0.7385,1,Cohort_3
P276,0.4044,1,Cohort_3
P277,0.1461,0,Cohort_3
P278,0.1011,1,Cohort_3
P279,0.6409,1,Cohort_3
P280,0.3694,1,Cohort_3
P281,0.432,0,Cohort_3
P282,0.05,0,Cohort_3
P283,0.5654,0,Cohort_3
P284,0.4244,1,Cohort_3
P285,0.1013,0,Cohort_3
P286,0.1953,0,Cohort_3
P287,0.3697,0,Cohort_3
P288,0.3128,0,Cohort_3
P289,0.2314,0,Cohort_3
P290,0.274,0,Cohort_3
P291,0.2401,0,Cohort_3
P292,0.3392,1,Cohort_3
P293,0.7142,0,Cohort_3
P294,0.0193,0,Cohort_3
P295,0.2434,1,Cohort_3
P296,0.3457,0,Cohort_3
P297,0.3788,0,Cohort_3
P298,0.2148,0,Cohort_3
P299,0.0494,0,Cohort_3
P300,0.3878,0,Cohort_3
P301,0.7726,1,Cohort_3
P302,0.0635,0,Cohort_3
P303,0.5465,1,Cohort_3
P304,0.2237,0,Cohort_3
P305,0.2842,1,Cohort_3
P306,0.1078,0,Cohort_3
P307,0.2225,0,Cohort_3
P308,0.6704,0,Cohort_3
P309,0.4624,0,Cohort_3
P310,0.7736,0,Cohort_3
P311,0.6371,1,Cohort_3
P312,0.4199,1,Cohort_3
P313,0.776,1,Cohort_3
P314,0.4199,0,Cohort_3
P315,0.5358,0,Cohort_3
P316,0.2304,0,Cohort_3
P317,0.3164,0,Cohort_3
P318,0.1562,0,Cohort_3
P319,0.5836,0,Cohort_3
P320,0.0942,0,Cohort_3
P321,0.5222,0,Cohort_3
P322,0.2537,0,Cohort_3
P323,0.6354,1,Cohort_3
P324,0.5128,1,Cohort_3
P325,0.7916,1,Cohort_3
P326,0.5067,0,Cohort_3
P327,0.0609,0,Cohort_3
P328,0.2829,0,Cohort_3
P329,0.0948,0,Cohort_3
P330,0.1866,1,Cohort_3
P331,0.7238,1,Cohort_3
P332,0.4788,0,Cohort_3
P333,0.1559,0,Cohort_3
P334,0.1124,0,Cohort_3
